"id","name","code","user_type_id/id","chart_template_id/id","group_id/id","reconcile"
"account_cia_1010101","CAJA","1.01.01.01","account.data_account_type_liquidity","l10n_ec.account_chart_template_cia","l10n_ec.account_group_10101","False"
"account_cia_1010102","INSTITUCIONES FINANCIERAS PÚBLICAS","1.01.01.02","account.data_account_type_liquidity","l10n_ec.account_chart_template_cia","l10n_ec.account_group_10101","False"
"account_cia_1010103","INSTITUCIONES FINANCIERAS PRIVADAS","1.01.01.03","account.data_account_type_liquidity","l10n_ec.account_chart_template_cia","l10n_ec.account_group_10101","False"
"account_cia_10102010101","ACCIONES Y PARTICIPACIONES","1.01.02.01.01.01","account.data_account_type_current_assets","l10n_ec.account_chart_template_cia","l10n_ec.account_group_101020101","False"
"account_cia_10102010102","CUOTAS DE FONDOS COLECTIVOS","1.01.02.01.01.02","account.data_account_type_current_assets","l10n_ec.account_chart_template_cia","l10n_ec.account_group_101020101","False"
"account_cia_10102010103","VALORES DE TITULARIZACIÓN DE PARTICIPACIÓN","1.01.02.01.01.03","account.data_account_type_current_assets","l10n_ec.account_chart_template_cia","l10n_ec.account_group_101020101","False"
"account_cia_10102010104","UNIDADES DE PARTICIPACIÓN","1.01.02.01.01.04","account.data_account_type_current_assets","l10n_ec.account_chart_template_cia","l10n_ec.account_group_101020101","False"
"account_cia_10102010105","INVERSIONES EN EL EXTERIOR","1.01.02.01.01.05","account.data_account_type_current_assets","l10n_ec.account_chart_template_cia","l10n_ec.account_group_101020101","False"
"account_cia_10102010106","OTROS ","1.01.02.01.01.06","account.data_account_type_current_assets","l10n_ec.account_chart_template_cia","l10n_ec.account_group_101020101","False"
"account_cia_10102010201","AVALES","1.01.02.01.02.01","account.data_account_type_current_assets","l10n_ec.account_chart_template_cia","l10n_ec.account_group_101020102","False"
"account_cia_10102010202","BONOS DEL ESTADO","1.01.02.01.02.02","account.data_account_type_current_assets","l10n_ec.account_chart_template_cia","l10n_ec.account_group_101020102","False"
"account_cia_10102010203","BONOS DE PRENDA","1.01.02.01.02.03","account.data_account_type_current_assets","l10n_ec.account_chart_template_cia","l10n_ec.account_group_101020102","False"
"account_cia_10102010204","CÉDULAS HIPOTECARIAS","1.01.02.01.02.04","account.data_account_type_current_assets","l10n_ec.account_chart_template_cia","l10n_ec.account_group_101020102","False"
"account_cia_10102010205","CERTIFICADOS FINANCIEROS","1.01.02.01.02.05","account.data_account_type_current_assets","l10n_ec.account_chart_template_cia","l10n_ec.account_group_101020102","False"
"account_cia_10102010206","CERTIFICADOS DE INVERSIÓN","1.01.02.01.02.06","account.data_account_type_current_assets","l10n_ec.account_chart_template_cia","l10n_ec.account_group_101020102","False"
"account_cia_10102010207","CERTIFICADOS DE TESORERÍA","1.01.02.01.02.07","account.data_account_type_current_assets","l10n_ec.account_chart_template_cia","l10n_ec.account_group_101020102","False"
"account_cia_10102010208","CERTIFICADOS DE DEPÓSITO","1.01.02.01.02.08","account.data_account_type_current_assets","l10n_ec.account_chart_template_cia","l10n_ec.account_group_101020102","False"
"account_cia_10102010209","CUPONES","1.01.02.01.02.09","account.data_account_type_current_assets","l10n_ec.account_chart_template_cia","l10n_ec.account_group_101020102","False"
"account_cia_10102010210","DEPÓSITOS A PLAZO","1.01.02.01.02.10","account.data_account_type_current_assets","l10n_ec.account_chart_template_cia","l10n_ec.account_group_101020102","False"
"account_cia_10102010211","LETRAS DE CAMBIO","1.01.02.01.02.11","account.data_account_type_current_assets","l10n_ec.account_chart_template_cia","l10n_ec.account_group_101020102","False"
"account_cia_10102010212","NOTAS DE CRÉDITO","1.01.02.01.02.12","account.data_account_type_current_assets","l10n_ec.account_chart_template_cia","l10n_ec.account_group_101020102","False"
"account_cia_10102010213","OBLIGACIONES","1.01.02.01.02.13","account.data_account_type_current_assets","l10n_ec.account_chart_template_cia","l10n_ec.account_group_101020102","False"
"account_cia_10102010214","FACTURAS COMERCIALES NEGOCIABLES","1.01.02.01.02.14","account.data_account_type_current_assets","l10n_ec.account_chart_template_cia","l10n_ec.account_group_101020102","False"
"account_cia_10102010215","OVERNIGHTS","1.01.02.01.02.15","account.data_account_type_current_assets","l10n_ec.account_chart_template_cia","l10n_ec.account_group_101020102","False"
"account_cia_10102010216","OBLIGACIONES CONVERTIBLES EN ACCIONES","1.01.02.01.02.16","account.data_account_type_current_assets","l10n_ec.account_chart_template_cia","l10n_ec.account_group_101020102","False"
"account_cia_10102010217","PAPEL COMERCIAL","1.01.02.01.02.17","account.data_account_type_current_assets","l10n_ec.account_chart_template_cia","l10n_ec.account_group_101020102","False"
"account_cia_10102010218","PAGARÉS","1.01.02.01.02.18","account.data_account_type_current_assets","l10n_ec.account_chart_template_cia","l10n_ec.account_group_101020102","False"
"account_cia_10102010219","PÓLIZAS DE ACUMULACIÓN","1.01.02.01.02.19","account.data_account_type_current_assets","l10n_ec.account_chart_template_cia","l10n_ec.account_group_101020102","False"
"account_cia_10102010220","TÍTULOS DEL BANCO CENTRAL ","1.01.02.01.02.20","account.data_account_type_current_assets","l10n_ec.account_chart_template_cia","l10n_ec.account_group_101020102","False"
"account_cia_10102010221","VALORES DE TITULARIZACIÓN","1.01.02.01.02.21","account.data_account_type_current_assets","l10n_ec.account_chart_template_cia","l10n_ec.account_group_101020102","False"
"account_cia_10102010222","INVERSIONES EN EL EXTERIOR","1.01.02.01.02.22","account.data_account_type_current_assets","l10n_ec.account_chart_template_cia","l10n_ec.account_group_101020102","False"
"account_cia_10102010223","OTROS","1.01.02.01.02.23","account.data_account_type_current_assets","l10n_ec.account_chart_template_cia","l10n_ec.account_group_101020102","False"
"account_cia_10102010301","FORWARD","1.01.02.01.03.01","account.data_account_type_current_assets","l10n_ec.account_chart_template_cia","l10n_ec.account_group_101020103","False"
"account_cia_10102010302","FUTUROS","1.01.02.01.03.02","account.data_account_type_current_assets","l10n_ec.account_chart_template_cia","l10n_ec.account_group_101020103","False"
"account_cia_10102010303","OPCIONES","1.01.02.01.03.03","account.data_account_type_current_assets","l10n_ec.account_chart_template_cia","l10n_ec.account_group_101020103","False"
"account_cia_10102010304","OTROS","1.01.02.01.03.04","account.data_account_type_current_assets","l10n_ec.account_chart_template_cia","l10n_ec.account_group_101020103","False"
"account_cia_10102020101","ACCIONES Y PARTICIPACIONES","1.01.02.02.01.01","account.data_account_type_current_assets","l10n_ec.account_chart_template_cia","l10n_ec.account_group_101020201","False"
"account_cia_10102020102","CUOTAS DE FONDOS COLECTIVOS","1.01.02.02.01.02","account.data_account_type_current_assets","l10n_ec.account_chart_template_cia","l10n_ec.account_group_101020201","False"
"account_cia_10102020103","UNIDADES DE PARTICIPACIÓN","1.01.02.02.01.03","account.data_account_type_current_assets","l10n_ec.account_chart_template_cia","l10n_ec.account_group_101020201","False"
"account_cia_10102020104","VALORES DE TITULARIZACIÓN DE PARTICIPACIÓN","1.01.02.02.01.04","account.data_account_type_current_assets","l10n_ec.account_chart_template_cia","l10n_ec.account_group_101020201","False"
"account_cia_10102020105","INVERSIONES EN EL EXTERIOR","1.01.02.02.01.05","account.data_account_type_current_assets","l10n_ec.account_chart_template_cia","l10n_ec.account_group_101020201","False"
"account_cia_10102020106","OTROS","1.01.02.02.01.06","account.data_account_type_current_assets","l10n_ec.account_chart_template_cia","l10n_ec.account_group_101020201","False"
"account_cia_10102020201","AVALES","1.01.02.02.02.01","account.data_account_type_current_assets","l10n_ec.account_chart_template_cia","l10n_ec.account_group_101020202","False"
"account_cia_10102020202","BONOS DEL ESTADO","1.01.02.02.02.02","account.data_account_type_current_assets","l10n_ec.account_chart_template_cia","l10n_ec.account_group_101020202","False"
"account_cia_10102020203","BONOS DE PRENDA","1.01.02.02.02.03","account.data_account_type_current_assets","l10n_ec.account_chart_template_cia","l10n_ec.account_group_101020202","False"
"account_cia_10102020204","CÉDULAS HIPOTECARIAS","1.01.02.02.02.04","account.data_account_type_current_assets","l10n_ec.account_chart_template_cia","l10n_ec.account_group_101020202","False"
"account_cia_10102020205","CERTIFICADOS FINANCIEROS","1.01.02.02.02.05","account.data_account_type_current_assets","l10n_ec.account_chart_template_cia","l10n_ec.account_group_101020202","False"
"account_cia_10102020206","CERTIFICADOS DE INVERSIÓN","1.01.02.02.02.06","account.data_account_type_current_assets","l10n_ec.account_chart_template_cia","l10n_ec.account_group_101020202","False"
"account_cia_10102020207","CERTIFICADOS DE TESORERÍA","1.01.02.02.02.07","account.data_account_type_current_assets","l10n_ec.account_chart_template_cia","l10n_ec.account_group_101020202","False"
"account_cia_10102020208","CERTIFICADOS DE DEPÓSITO","1.01.02.02.02.08","account.data_account_type_current_assets","l10n_ec.account_chart_template_cia","l10n_ec.account_group_101020202","False"
"account_cia_10102020209","CUPONES","1.01.02.02.02.09","account.data_account_type_current_assets","l10n_ec.account_chart_template_cia","l10n_ec.account_group_101020202","False"
"account_cia_10102020210","DEPÓSITOS A PLAZO","1.01.02.02.02.10","account.data_account_type_current_assets","l10n_ec.account_chart_template_cia","l10n_ec.account_group_101020202","False"
"account_cia_10102020211","LETRAS DE CAMBIO","1.01.02.02.02.11","account.data_account_type_current_assets","l10n_ec.account_chart_template_cia","l10n_ec.account_group_101020202","False"
"account_cia_10102020212","NOTAS DE CRÉDITO","1.01.02.02.02.12","account.data_account_type_current_assets","l10n_ec.account_chart_template_cia","l10n_ec.account_group_101020202","False"
"account_cia_10102020213","OBLIGACIONES","1.01.02.02.02.13","account.data_account_type_current_assets","l10n_ec.account_chart_template_cia","l10n_ec.account_group_101020202","False"
"account_cia_10102020214","FACTURAS COMERCIALES NEGOCIABLES","1.01.02.02.02.14","account.data_account_type_current_assets","l10n_ec.account_chart_template_cia","l10n_ec.account_group_101020202","False"
"account_cia_10102020215","OVERNIGHTS","1.01.02.02.02.15","account.data_account_type_current_assets","l10n_ec.account_chart_template_cia","l10n_ec.account_group_101020202","False"
"account_cia_10102020216","OBLIGACIONES CONVERTIBLES EN ACCIONES","1.01.02.02.02.16","account.data_account_type_current_assets","l10n_ec.account_chart_template_cia","l10n_ec.account_group_101020202","False"
"account_cia_10102020217","PAPEL COMERCIAL","1.01.02.02.02.17","account.data_account_type_current_assets","l10n_ec.account_chart_template_cia","l10n_ec.account_group_101020202","False"
"account_cia_10102020218","PAGARÉS","1.01.02.02.02.18","account.data_account_type_current_assets","l10n_ec.account_chart_template_cia","l10n_ec.account_group_101020202","False"
"account_cia_10102020219","PÓLIZAS DE ACUMULACIÓN","1.01.02.02.02.19","account.data_account_type_current_assets","l10n_ec.account_chart_template_cia","l10n_ec.account_group_101020202","False"
"account_cia_10102020220","TÍTULOS DEL BANCO CENTRAL ","1.01.02.02.02.20","account.data_account_type_current_assets","l10n_ec.account_chart_template_cia","l10n_ec.account_group_101020202","False"
"account_cia_10102020221","VALORES DE TITULARIZACIÓN","1.01.02.02.02.21","account.data_account_type_current_assets","l10n_ec.account_chart_template_cia","l10n_ec.account_group_101020202","False"
"account_cia_10102020222","INVERSIONES EN EL EXTERIOR","1.01.02.02.02.22","account.data_account_type_current_assets","l10n_ec.account_chart_template_cia","l10n_ec.account_group_101020202","False"
"account_cia_10102020223","OTROS","1.01.02.02.02.23","account.data_account_type_current_assets","l10n_ec.account_chart_template_cia","l10n_ec.account_group_101020202","False"
"account_cia_10102030101","ACCIONES Y PARTICIPACIONES","1.01.02.03.01.01","account.data_account_type_current_assets","l10n_ec.account_chart_template_cia","l10n_ec.account_group_101020301","False"
"account_cia_10102030102","CUOTAS DE FONDOS COLECTIVOS","1.01.02.03.01.02","account.data_account_type_current_assets","l10n_ec.account_chart_template_cia","l10n_ec.account_group_101020301","False"
"account_cia_10102030103","UNIDADES DE PARTICIPACIÓN","1.01.02.03.01.03","account.data_account_type_current_assets","l10n_ec.account_chart_template_cia","l10n_ec.account_group_101020301","False"
"account_cia_10102030104","VALORES DE TITULARIZACIÓN DE PARTICIPACIÓN","1.01.02.03.01.04","account.data_account_type_current_assets","l10n_ec.account_chart_template_cia","l10n_ec.account_group_101020301","False"
"account_cia_10102030105","INVERSIONES EN EL EXTERIOR","1.01.02.03.01.05","account.data_account_type_current_assets","l10n_ec.account_chart_template_cia","l10n_ec.account_group_101020301","False"
"account_cia_10102030106","OTROS","1.01.02.03.01.06","account.data_account_type_current_assets","l10n_ec.account_chart_template_cia","l10n_ec.account_group_101020301","False"
"account_cia_10102030201","AVALES","1.01.02.03.02.01","account.data_account_type_current_assets","l10n_ec.account_chart_template_cia","l10n_ec.account_group_101020302","False"
"account_cia_10102030202","BONOS DEL ESTADO","1.01.02.03.02.02","account.data_account_type_current_assets","l10n_ec.account_chart_template_cia","l10n_ec.account_group_101020302","False"
"account_cia_10102030203","BONOS DE PRENDA","1.01.02.03.02.03","account.data_account_type_current_assets","l10n_ec.account_chart_template_cia","l10n_ec.account_group_101020302","False"
"account_cia_10102030204","CÉDULAS HIPOTECARIAS","1.01.02.03.02.04","account.data_account_type_current_assets","l10n_ec.account_chart_template_cia","l10n_ec.account_group_101020302","False"
"account_cia_10102030205","CERTIFICADOS FINANCIEROS","1.01.02.03.02.05","account.data_account_type_current_assets","l10n_ec.account_chart_template_cia","l10n_ec.account_group_101020302","False"
"account_cia_10102030206","CERTIFICADOS DE INVERSIÓN","1.01.02.03.02.06","account.data_account_type_current_assets","l10n_ec.account_chart_template_cia","l10n_ec.account_group_101020302","False"
"account_cia_10102030207","CERTIFICADOS DE TESORERÍA","1.01.02.03.02.07","account.data_account_type_current_assets","l10n_ec.account_chart_template_cia","l10n_ec.account_group_101020302","False"
"account_cia_10102030208","CERTIFICADOS DE DEPÓSITO","1.01.02.03.02.08","account.data_account_type_current_assets","l10n_ec.account_chart_template_cia","l10n_ec.account_group_101020302","False"
"account_cia_10102030209","CUPONES","1.01.02.03.02.09","account.data_account_type_current_assets","l10n_ec.account_chart_template_cia","l10n_ec.account_group_101020302","False"
"account_cia_10102030210","DEPÓSITOS A PLAZO","1.01.02.03.02.10","account.data_account_type_current_assets","l10n_ec.account_chart_template_cia","l10n_ec.account_group_101020302","False"
"account_cia_10102030211","LETRAS DE CAMBIO","1.01.02.03.02.11","account.data_account_type_current_assets","l10n_ec.account_chart_template_cia","l10n_ec.account_group_101020302","False"
"account_cia_10102030212","NOTAS DE CRÉDITO","1.01.02.03.02.12","account.data_account_type_current_assets","l10n_ec.account_chart_template_cia","l10n_ec.account_group_101020302","False"
"account_cia_10102030213","OBLIGACIONES","1.01.02.03.02.13","account.data_account_type_current_assets","l10n_ec.account_chart_template_cia","l10n_ec.account_group_101020302","False"
"account_cia_10102030214","FACTURAS COMERCIALES NEGOCIABLES","1.01.02.03.02.14","account.data_account_type_current_assets","l10n_ec.account_chart_template_cia","l10n_ec.account_group_101020302","False"
"account_cia_10102030215","OVERNIGHTS","1.01.02.03.02.15","account.data_account_type_current_assets","l10n_ec.account_chart_template_cia","l10n_ec.account_group_101020302","False"
"account_cia_10102030216","OBLIGACIONES CONVERTIBLES EN ACCIONES","1.01.02.03.02.16","account.data_account_type_current_assets","l10n_ec.account_chart_template_cia","l10n_ec.account_group_101020302","False"
"account_cia_10102030217","PAPEL COMERCIAL","1.01.02.03.02.17","account.data_account_type_current_assets","l10n_ec.account_chart_template_cia","l10n_ec.account_group_101020302","False"
"account_cia_10102030218","PAGARÉS","1.01.02.03.02.18","account.data_account_type_current_assets","l10n_ec.account_chart_template_cia","l10n_ec.account_group_101020302","False"
"account_cia_10102030219","PÓLIZAS DE ACUMULACIÓN","1.01.02.03.02.19","account.data_account_type_current_assets","l10n_ec.account_chart_template_cia","l10n_ec.account_group_101020302","False"
"account_cia_10102030220","TÍTULOS DEL BANCO CENTRAL ","1.01.02.03.02.20","account.data_account_type_current_assets","l10n_ec.account_chart_template_cia","l10n_ec.account_group_101020302","False"
"account_cia_10102030221","VALORES DE TITULARIZACIÓN","1.01.02.03.02.21","account.data_account_type_current_assets","l10n_ec.account_chart_template_cia","l10n_ec.account_group_101020302","False"
"account_cia_10102030222","INVERSIONES EN EL EXTERIOR","1.01.02.03.02.22","account.data_account_type_current_assets","l10n_ec.account_chart_template_cia","l10n_ec.account_group_101020302","False"
"account_cia_10102030223","OTROS","1.01.02.03.02.23","account.data_account_type_current_assets","l10n_ec.account_chart_template_cia","l10n_ec.account_group_101020302","False"
"account_cia_101020401","ACTIVOS FINANCIEROS A VALOR RAZONABLE CON CAMBIOS EN RESULTADOS ","1.01.02.04.01","account.data_account_type_current_assets","l10n_ec.account_chart_template_cia","l10n_ec.account_group_1010204","False"
"account_cia_101020402","ACTIVOS FINANCIEROS DISPONIBLES PARA LA VENTA","1.01.02.04.02","account.data_account_type_current_assets","l10n_ec.account_chart_template_cia","l10n_ec.account_group_1010204","False"
"account_cia_101020403","ACTIVOS FINANCIEROS MANTENIDOS HASTA EL VENCIMIENTO","1.01.02.04.03","account.data_account_type_current_assets","l10n_ec.account_chart_template_cia","l10n_ec.account_group_1010204","False"
"account_cia_10102050101","CUENTAS Y DOCUMENTOS A COBRAR A CLIENTES ","1.01.02.05.01.01","account.data_account_type_receivable","l10n_ec.account_chart_template_cia","l10n_ec.account_group_101020501","True"
"account_cia_10102050102","CUENTAS Y DOCUMENTOS A COBRAR A TERCEROS","1.01.02.05.01.02","account.data_account_type_receivable","l10n_ec.account_chart_template_cia","l10n_ec.account_group_101020501","True"
"account_cia_10102050203","CUENTAS POR COBRAR AL ORIGINADOR","1.01.02.05.02.03","account.data_account_type_receivable","l10n_ec.account_chart_template_cia","l10n_ec.account_group_101020502","True"
"account_cia_10102050204","COMISIONES POR OPERACIONES BURSÁTILES","1.01.02.05.02.04","account.data_account_type_receivable","l10n_ec.account_chart_template_cia","l10n_ec.account_group_101020502","True"
"account_cia_10102050205","POR SERVICIOS BURSÁTILES - PUESTOS INACTIVOS","1.01.02.05.02.05","account.data_account_type_receivable","l10n_ec.account_chart_template_cia","l10n_ec.account_group_101020502","True"
"account_cia_10102050206","OPERACIONES EXTRABURSÁTILES","1.01.02.05.02.06","account.data_account_type_receivable","l10n_ec.account_chart_template_cia","l10n_ec.account_group_101020502","True"
"account_cia_10102050207","CONTRATO DE UNDERWRITING","1.01.02.05.02.07","account.data_account_type_receivable","l10n_ec.account_chart_template_cia","l10n_ec.account_group_101020502","True"
"account_cia_10102050208","POR ADMINISTRACIÓN Y MANEJO DE PORTAFOLIOS DE TERCEROS","1.01.02.05.02.08","account.data_account_type_receivable","l10n_ec.account_chart_template_cia","l10n_ec.account_group_101020502","True"
"account_cia_10102050209","POR ADMINISTRACIÓN Y MANEJO DE FONDOS ADMINISTRADOS","1.01.02.05.02.09","account.data_account_type_receivable","l10n_ec.account_chart_template_cia","l10n_ec.account_group_101020502","True"
"account_cia_10102050210","POR ADMINISTRACIÓN Y MANEJO DE NEGOCIOS FIDUCIARIOS ","1.01.02.05.02.10","account.data_account_type_receivable","l10n_ec.account_chart_template_cia","l10n_ec.account_group_101020502","True"
"account_cia_10102050211","POR CUSTODIA Y CONSERVACIÓN DE VALORES MATERIALIZADOS","1.01.02.05.02.11","account.data_account_type_receivable","l10n_ec.account_chart_template_cia","l10n_ec.account_group_101020502","True"
"account_cia_10102050212","POR CUSTODIA Y CONSERVACIÓN DE VALORES DESMATERIALIZADOS","1.01.02.05.02.12","account.data_account_type_receivable","l10n_ec.account_chart_template_cia","l10n_ec.account_group_101020502","True"
"account_cia_10102050213","POR MANEJO DE LIBRO DE ACCIONES Y ACCIONISTAS","1.01.02.05.02.13","account.data_account_type_receivable","l10n_ec.account_chart_template_cia","l10n_ec.account_group_101020502","True"
"account_cia_10102050214","POR ASESORÍA","1.01.02.05.02.14","account.data_account_type_receivable","l10n_ec.account_chart_template_cia","l10n_ec.account_group_101020502","True"
"account_cia_10102050215","RENDIMIENTOS POR COBRAR DIVIDENDOS","1.01.02.05.02.15","account.data_account_type_receivable","l10n_ec.account_chart_template_cia","l10n_ec.account_group_101020502","True"
"account_cia_10102050216","RENDIMIENTO POR COBRAR INTERESES  ","1.01.02.05.02.16","account.data_account_type_receivable","l10n_ec.account_chart_template_cia","l10n_ec.account_group_101020502","True"
"account_cia_10102050217","DEUDORES POR INTERMEDIACIÓN DE VALORES","1.01.02.05.02.17","account.data_account_type_receivable","l10n_ec.account_chart_template_cia","l10n_ec.account_group_101020502","True"
"account_cia_10102050218","ANTICIPO A COMITENTES","1.01.02.05.02.18","account.data_account_type_receivable","l10n_ec.account_chart_template_cia","l10n_ec.account_group_101020502","True"
"account_cia_10102050219","ANTICIPO A CONSTRUCTOR POR AVANCE DE OBRA ","1.01.02.05.02.19","account.data_account_type_receivable","l10n_ec.account_chart_template_cia","l10n_ec.account_group_101020502","True"
"account_cia_10102050220","DERECHOS POR COMPROMISO DE RECOMPRA","1.01.02.05.02.20","account.data_account_type_receivable","l10n_ec.account_chart_template_cia","l10n_ec.account_group_101020502","True"
"account_cia_101020601","POR COBRAR A ACCIONISTAS ","1.01.02.06.01","account.data_account_type_receivable","l10n_ec.account_chart_template_cia","l10n_ec.account_group_1010206","True"
"account_cia_101020602","POR COBRAR A COMPAÑÍAS RELACIONADAS ","1.01.02.06.02","account.data_account_type_receivable","l10n_ec.account_chart_template_cia","l10n_ec.account_group_1010206","True"
"account_cia_101020603","POR COBRAR A CLIENTES ","1.01.02.06.03","account.data_account_type_receivable","l10n_ec.account_chart_template_cia","l10n_ec.account_group_1010206","True"
"account_cia_101020604","OTRAS CUENTAS POR COBRAR RELACIONADAS","1.01.02.06.04","account.data_account_type_receivable","l10n_ec.account_chart_template_cia","l10n_ec.account_group_1010206","True"
"account_cia_1010207","PROVISIÓN POR CUENTAS INCOBRABLES Y DETERIORO ","1.01.02.07","account.data_account_type_receivable","l10n_ec.account_chart_template_cia","l10n_ec.account_group_10102","True"
"account_cia_1010308","OBRAS EN CONSTRUCCION ","1.01.03.08","account.data_account_type_current_assets","l10n_ec.account_chart_template_cia","l10n_ec.account_group_10103","False"
"account_cia_1010313","(-) PROVISIÓN POR VALOR NETO DE REALIZACIÓN Y OTRAS PERDIDAS EN INVENTARIO","1.01.03.13","account.data_account_type_current_assets","l10n_ec.account_chart_template_cia","l10n_ec.account_group_10103","False"
"account_cia_1010501","CRÉDITO TRIBUTARIO A FAVOR DE LA EMPRESA (IVA)","1.01.05.01","account.data_account_type_current_assets","l10n_ec.account_chart_template_cia","l10n_ec.account_group_10105","False"
"account_cia_1010502","CRÉDITO TRIBUTARIO A FAVOR DE LA EMPRESA ( I. R.)","1.01.05.02","account.data_account_type_current_assets","l10n_ec.account_chart_template_cia","l10n_ec.account_group_10105","False"
"account_cia_1010503","ANTICIPO DE IMPUESTO A LA RENTA","1.01.05.03","account.data_account_type_current_assets","l10n_ec.account_chart_template_cia","l10n_ec.account_group_10105","False"
"account_cia_10106","ACTIVOS CORRIENTES MANTENIDOS PARA LA VENTA Y OPERACIONES DISCONTINUADAS ","1.01.06","account.data_account_type_current_assets","l10n_ec.account_chart_template_cia","l10n_ec.account_group_101","False"
"account_cia_10107","CONSTRUCCIONES EN PROCESO (NIC 11 Y SECC.23 PYMES)","1.01.07","account.data_account_type_current_assets","l10n_ec.account_chart_template_cia","l10n_ec.account_group_101","False"
"account_cia_10108","OTROS ACTIVOS CORRIENTES","1.01.08","account.data_account_type_current_assets","l10n_ec.account_chart_template_cia","l10n_ec.account_group_101","False"
"account_cia_1020112","(-) DEPRECIACIÓN ACUMULADA PROPIEDADES, PLANTA Y EQUIPO","1.02.01.12","account.data_account_type_fixed_assets","l10n_ec.account_chart_template_cia","l10n_ec.account_group_10201","False"
"account_cia_1020113","(-) DETERIORO ACUMULADO DE PROPIEDADES, PLANTA Y EQUIPO","1.02.01.13","account.data_account_type_fixed_assets","l10n_ec.account_chart_template_cia","l10n_ec.account_group_10201","False"
"account_cia_102011401","ACTIVOS DE EXPLORACION Y EXPLOTACION ","1.02.01.14.01","account.data_account_type_non_current_assets","l10n_ec.account_chart_template_cia","l10n_ec.account_group_1020114","False"
"account_cia_102011402","(-) AMORTIZACION ACUMULADA DE ACTIVOS DE EXPLORACIÓN Y EXPLOTACIÓN","1.02.01.14.02","account.data_account_type_non_current_assets","l10n_ec.account_chart_template_cia","l10n_ec.account_group_1020114","False"
"account_cia_102011403","(-) DETERIORO ACUMULADO DE ACTIVOS DE EXPLORACIÓN Y EXPLOTACIÓN","1.02.01.14.03","account.data_account_type_non_current_assets","l10n_ec.account_chart_template_cia","l10n_ec.account_group_1020114","False"
"account_cia_1020204","(-) DETERIORO ACUMULADO DE PROPIEDADES DE INVERSIÓN","1.02.02.04","account.data_account_type_non_current_assets","l10n_ec.account_chart_template_cia","l10n_ec.account_group_10202","False"
"account_cia_1020301","ANIMALES VIVOS EN CRECIMIENTO","1.02.03.01","account.data_account_type_non_current_assets","l10n_ec.account_chart_template_cia","l10n_ec.account_group_10203","False"
"account_cia_1020302","ANIMALES VIVOS EN PRODUCCION ","1.02.03.02","account.data_account_type_non_current_assets","l10n_ec.account_chart_template_cia","l10n_ec.account_group_10203","False"
"account_cia_1020303","PLANTAS EN CRECIMIENTO","1.02.03.03","account.data_account_type_non_current_assets","l10n_ec.account_chart_template_cia","l10n_ec.account_group_10203","False"
"account_cia_1020304","PLANTAS EN PRODUCCION","1.02.03.04","account.data_account_type_non_current_assets","l10n_ec.account_chart_template_cia","l10n_ec.account_group_10203","False"
"account_cia_1020305","(-) DEPRECIACION ACUMULADA DE ACTIVOS BIOLÓGICOS","1.02.03.05","account.data_account_type_non_current_assets","l10n_ec.account_chart_template_cia","l10n_ec.account_group_10203","False"
"account_cia_1020306","(-) DETERIORO ACUMULADO DE ACTIVOS BIOLOGÍCOS","1.02.03.06","account.data_account_type_non_current_assets","l10n_ec.account_chart_template_cia","l10n_ec.account_group_10203","False"
"account_cia_1020405","(-) AMORTIZACIÓN ACUMULADA DE ACTIVOS INTANGIBLE","1.02.04.05","account.data_account_type_non_current_assets","l10n_ec.account_chart_template_cia","l10n_ec.account_group_10204","False"
"account_cia_1020406","(-) DETERIORO ACUMULADO DE ACTIVO INTANGIBLE ","1.02.04.06","account.data_account_type_non_current_assets","l10n_ec.account_chart_template_cia","l10n_ec.account_group_10204","False"
"account_cia_1020407"," OTROS INTANGIBLES","1.02.04.07","account.data_account_type_non_current_assets","l10n_ec.account_chart_template_cia","l10n_ec.account_group_10204","False"
"account_cia_10205","ACTIVOS POR IMPUESTOS DIFERIDOS","1.02.05","account.data_account_type_non_current_assets","l10n_ec.account_chart_template_cia","l10n_ec.account_group_102","False"
"account_cia_1020601","ACTIVOS FINANCIEROS MANTENIDOS HASTA EL VENCIMIENTO","1.02.06.01","account.data_account_type_non_current_assets","l10n_ec.account_chart_template_cia","l10n_ec.account_group_10206","False"
"account_cia_1020602","(-) PROVISION POR DETERIORO DE ACTIVOS FINANCIEROS MANTENIDOS HASTA EL VENCIMIENTO","1.02.06.02","account.data_account_type_non_current_assets","l10n_ec.account_chart_template_cia","l10n_ec.account_group_10206","False"
"account_cia_1020603","DOCUMENTOS Y CUENTAS POR COBRAR ","1.02.06.03","account.data_account_type_non_current_assets","l10n_ec.account_chart_template_cia","l10n_ec.account_group_10206","False"
"account_cia_1020604","(-) PROVISIÓN CUENTAS INCOBRABLES DE ACTIVOS FINANCIEROS NO CORRIENTES","1.02.06.04","account.data_account_type_non_current_assets","l10n_ec.account_chart_template_cia","l10n_ec.account_group_10206","False"
"account_cia_10207","ACTIVOS ADQUIRIDOS EN ARRENDAMIENTO FINANCIERO","1.02.07","account.data_account_type_non_current_assets","l10n_ec.account_chart_template_cia","l10n_ec.account_group_102","False"
"account_cia_1020801","DERECHOS FIDUCIARIOS","1.02.08.01","account.data_account_type_non_current_assets","l10n_ec.account_chart_template_cia","l10n_ec.account_group_10208","False"
"account_cia_1020802","DEPÓSITOS EN GARANTÍA","1.02.08.02","account.data_account_type_non_current_assets","l10n_ec.account_chart_template_cia","l10n_ec.account_group_10208","False"
"account_cia_1020803","DEPÓSITOS EN GARANTÍA POR OPERACIONES BURSÁTILES","1.02.08.03","account.data_account_type_non_current_assets","l10n_ec.account_chart_template_cia","l10n_ec.account_group_10208","False"
"account_cia_1020804","CUOTA PATRIMONIAL BOLSA DE VALORES","1.02.08.04","account.data_account_type_non_current_assets","l10n_ec.account_chart_template_cia","l10n_ec.account_group_10208","False"
"account_cia_1020805","ACCIONES DEPÒSITO CENTRALIZADO DE VALORES","1.02.08.05","account.data_account_type_non_current_assets","l10n_ec.account_chart_template_cia","l10n_ec.account_group_10208","False"
"account_cia_1020806","INVERSIONES SUBSIDIARIAS","1.02.08.06","account.data_account_type_non_current_assets","l10n_ec.account_chart_template_cia","l10n_ec.account_group_10208","False"
"account_cia_1020807","INVERSIONES ASOCIADAS","1.02.08.07","account.data_account_type_non_current_assets","l10n_ec.account_chart_template_cia","l10n_ec.account_group_10208","False"
"account_cia_1020808","INVERSIONES NEGOCIOS CONJUNTOS","1.02.08.08","account.data_account_type_non_current_assets","l10n_ec.account_chart_template_cia","l10n_ec.account_group_10208","False"
"account_cia_1020809","OTRAS INVERSIONES ","1.02.08.09","account.data_account_type_non_current_assets","l10n_ec.account_chart_template_cia","l10n_ec.account_group_10208","False"
"account_cia_1020810","(-) PROVISIÓN VALUACIÓN DE INVERSIONES","1.02.08.10","account.data_account_type_non_current_assets","l10n_ec.account_chart_template_cia","l10n_ec.account_group_10208","False"
"account_cia_1020811","OTROS ACTIVOS NO CORRIENTES","1.02.08.11","account.data_account_type_non_current_assets","l10n_ec.account_chart_template_cia","l10n_ec.account_group_10208","False"
"account_cia_20101","PASIVOS FINANCIEROS A VALOR RAZONABLE CON CAMBIOS EN RESULTADOS","2.01.01","account.data_account_type_current_liabilities","l10n_ec.account_chart_template_cia","l10n_ec.account_group_201","False"
"account_cia_20102","PASIVOS POR CONTRATOS DE ARRENDAMIENTO FINANCIEROS ","2.01.02","account.data_account_type_current_liabilities","l10n_ec.account_chart_template_cia","l10n_ec.account_group_201","False"
"account_cia_201030101","PRÉSTAMOS","2.01.03.01.01","account.data_account_type_payable","l10n_ec.account_chart_template_cia","l10n_ec.account_group_2010301","True"
"account_cia_201030102","ANTICIPOS RECIBIDOS","2.01.03.01.02","account.data_account_type_payable","l10n_ec.account_chart_template_cia","l10n_ec.account_group_2010301","True"
"account_cia_201030103","OTRAS","2.01.03.01.03","account.data_account_type_payable","l10n_ec.account_chart_template_cia","l10n_ec.account_group_2010301","True"
"account_cia_2010302","DEL EXTERIOR","2.01.03.02","account.data_account_type_current_liabilities","l10n_ec.account_chart_template_cia","l10n_ec.account_group_20103","False"
"account_cia_2010401","LOCALES","2.01.04.01","account.data_account_type_current_liabilities","l10n_ec.account_chart_template_cia","l10n_ec.account_group_20104","False"
"account_cia_2010402","DEL EXTERIOR","2.01.04.02","account.data_account_type_current_liabilities","l10n_ec.account_chart_template_cia","l10n_ec.account_group_20104","False"
"account_cia_2010501","LOCALES","2.01.05.01","account.data_account_type_current_liabilities","l10n_ec.account_chart_template_cia","l10n_ec.account_group_20105","False"
"account_cia_2010502","DEL EXTERIOR","2.01.05.02","account.data_account_type_current_liabilities","l10n_ec.account_chart_template_cia","l10n_ec.account_group_20105","False"
"account_cia_2010601","OBLIGACIONES","2.01.06.01","account.data_account_type_current_liabilities","l10n_ec.account_chart_template_cia","l10n_ec.account_group_20106","False"
"account_cia_2010602","PAPEL COMERCIAL","2.01.06.02","account.data_account_type_current_liabilities","l10n_ec.account_chart_template_cia","l10n_ec.account_group_20106","False"
"account_cia_2010603","VALORES DE TITULARIZACIÓN","2.01.06.03","account.data_account_type_current_liabilities","l10n_ec.account_chart_template_cia","l10n_ec.account_group_20106","False"
"account_cia_2010604","OTROS","2.01.06.04","account.data_account_type_current_liabilities","l10n_ec.account_chart_template_cia","l10n_ec.account_group_20106","False"
"account_cia_2010605","INTERESES POR PAGAR","2.01.06.05","account.data_account_type_current_liabilities","l10n_ec.account_chart_template_cia","l10n_ec.account_group_20106","False"
"account_cia_2010701","CON LA ADMINISTRACIÓN TRIBUTARIA","2.01.07.01","account.data_account_type_current_liabilities","l10n_ec.account_chart_template_cia","l10n_ec.account_group_20107","False"
"account_cia_2010702","IMPUESTO A LA RENTA POR PAGAR DEL EJERCICIO","2.01.07.02","account.data_account_type_current_liabilities","l10n_ec.account_chart_template_cia","l10n_ec.account_group_20107","False"
"account_cia_2010703","CON EL IESS","2.01.07.03","account.data_account_type_current_liabilities","l10n_ec.account_chart_template_cia","l10n_ec.account_group_20107","False"
"account_cia_2010704","POR BENEFICIOS DE LEY A EMPLEADOS","2.01.07.04","account.data_account_type_current_liabilities","l10n_ec.account_chart_template_cia","l10n_ec.account_group_20107","False"
"account_cia_2010705","PARTICIPACIÓN TRABAJADORES POR PAGAR DEL EJERCICIO ","2.01.07.05","account.data_account_type_current_liabilities","l10n_ec.account_chart_template_cia","l10n_ec.account_group_20107","False"
"account_cia_2010706","DIVIDENDOS POR PAGAR","2.01.07.06","account.data_account_type_current_liabilities","l10n_ec.account_chart_template_cia","l10n_ec.account_group_20107","False"
"account_cia_2010707","OTROS ","2.01.07.07","account.data_account_type_current_liabilities","l10n_ec.account_chart_template_cia","l10n_ec.account_group_20107","False"
"account_cia_20108","CUENTAS POR PAGAR DIVERSAS/ RELACIONADAS","2.01.08","account.data_account_type_current_liabilities","l10n_ec.account_chart_template_cia","l10n_ec.account_group_201","False"
"account_cia_20109","OTROS PASIVOS FINANCIEROS ","2.01.09","account.data_account_type_current_liabilities","l10n_ec.account_chart_template_cia","l10n_ec.account_group_201","False"
"account_cia_20110","ANTICIPOS DE CLIENTES","2.01.10","account.data_account_type_current_liabilities","l10n_ec.account_chart_template_cia","l10n_ec.account_group_201","False"
"account_cia_20111","PASIVOS DIRECTAMENTE ASOCIADOS CON LOS ACTIVOS NO CORRIENTES Y OPERACIONES DISCONTINUADAS ","2.01.11","account.data_account_type_current_liabilities","l10n_ec.account_chart_template_cia","l10n_ec.account_group_201","False"
"account_cia_2011201","JUBILACION PATRONAL","2.01.12.01","account.data_account_type_current_liabilities","l10n_ec.account_chart_template_cia","l10n_ec.account_group_20112","False"
"account_cia_2011202","OTROS BENEFICIOS PARA LOS EMPLEADOS","2.01.12.02","account.data_account_type_current_liabilities","l10n_ec.account_chart_template_cia","l10n_ec.account_group_20112","False"
"account_cia_2011301","COMISIONES POR PAGAR ","2.01.13.01","account.data_account_type_current_liabilities","l10n_ec.account_chart_template_cia","l10n_ec.account_group_20113","False"
"account_cia_2011302","POR OPERACIONES BURSÁTILES","2.01.13.02","account.data_account_type_current_liabilities","l10n_ec.account_chart_template_cia","l10n_ec.account_group_20113","False"
"account_cia_2011303","POR CUSTODIA","2.01.13.03","account.data_account_type_current_liabilities","l10n_ec.account_chart_template_cia","l10n_ec.account_group_20113","False"
"account_cia_2011304","POR ADMINISTRACIÓN","2.01.13.04","account.data_account_type_current_liabilities","l10n_ec.account_chart_template_cia","l10n_ec.account_group_20113","False"
"account_cia_2011305","OTRAS COMISIONES","2.01.13.05","account.data_account_type_current_liabilities","l10n_ec.account_chart_template_cia","l10n_ec.account_group_20113","False"
"account_cia_2011306","SANCIONES Y MULTAS","2.01.13.06","account.data_account_type_current_liabilities","l10n_ec.account_chart_template_cia","l10n_ec.account_group_20113","False"
"account_cia_2011307","INDEMNIZACIONES","2.01.13.07","account.data_account_type_current_liabilities","l10n_ec.account_chart_template_cia","l10n_ec.account_group_20113","False"
"account_cia_2011308","OBLIGACIONES JUDICIALES","2.01.13.08","account.data_account_type_current_liabilities","l10n_ec.account_chart_template_cia","l10n_ec.account_group_20113","False"
"account_cia_2011309","ACREEDORES POR INTERMEDIACIÓN","2.01.13.09","account.data_account_type_current_liabilities","l10n_ec.account_chart_template_cia","l10n_ec.account_group_20113","False"
"account_cia_2011310","OBLIGACIÓN POR COMPROMISO DE RECOMPRA ","2.01.13.10","account.data_account_type_current_liabilities","l10n_ec.account_chart_template_cia","l10n_ec.account_group_20113","False"
"account_cia_2011311","POR CONTRATOS DE UNDERWRITING","2.01.13.11","account.data_account_type_current_liabilities","l10n_ec.account_chart_template_cia","l10n_ec.account_group_20113","False"
"account_cia_2011312","OTROS","2.01.13.12","account.data_account_type_current_liabilities","l10n_ec.account_chart_template_cia","l10n_ec.account_group_20113","False"
"account_cia_20201","PASIVOS POR CONTRATOS DE ARRENDAMIENTO FINANCIERO ","2.02.01","account.data_account_type_non_current_liabilities","l10n_ec.account_chart_template_cia","l10n_ec.account_group_202","False"
"account_cia_202020101","PRÉSTAMOS","2.02.02.01.01","account.data_account_type_non_current_liabilities","l10n_ec.account_chart_template_cia","l10n_ec.account_group_2020201","False"
"account_cia_202020102","ANTICIPOS RECIBIDOS","2.02.02.01.02","account.data_account_type_non_current_liabilities","l10n_ec.account_chart_template_cia","l10n_ec.account_group_2020201","False"
"account_cia_202020103","OTRAS","2.02.02.01.03","account.data_account_type_non_current_liabilities","l10n_ec.account_chart_template_cia","l10n_ec.account_group_2020201","False"
"account_cia_2020202","DEL EXTERIOR","2.02.02.02","account.data_account_type_non_current_liabilities","l10n_ec.account_chart_template_cia","l10n_ec.account_group_20202","False"
"account_cia_2020301","LOCALES","2.02.03.01","account.data_account_type_non_current_liabilities","l10n_ec.account_chart_template_cia","l10n_ec.account_group_20203","False"
"account_cia_2020302","DEL EXTERIOR","2.02.03.02","account.data_account_type_non_current_liabilities","l10n_ec.account_chart_template_cia","l10n_ec.account_group_20203","False"
"account_cia_2020401","LOCALES","2.02.04.01","account.data_account_type_non_current_liabilities","l10n_ec.account_chart_template_cia","l10n_ec.account_group_20204","False"
"account_cia_2020402","DEL EXTERIOR","2.02.04.02","account.data_account_type_non_current_liabilities","l10n_ec.account_chart_template_cia","l10n_ec.account_group_20204","False"
"account_cia_2020501","OBLIGACIONES","2.02.05.01","account.data_account_type_non_current_liabilities","l10n_ec.account_chart_template_cia","l10n_ec.account_group_20205","False"
"account_cia_2020502","PAPEL COMERCIAL","2.02.05.02","account.data_account_type_non_current_liabilities","l10n_ec.account_chart_template_cia","l10n_ec.account_group_20205","False"
"account_cia_2020503","VALORES DE TITULARIZACIÓN","2.02.05.03","account.data_account_type_non_current_liabilities","l10n_ec.account_chart_template_cia","l10n_ec.account_group_20205","False"
"account_cia_2020504","OTROS","2.02.05.04","account.data_account_type_non_current_liabilities","l10n_ec.account_chart_template_cia","l10n_ec.account_group_20205","False"
"account_cia_2020505","INTERESES POR PAGAR","2.02.05.05","account.data_account_type_non_current_liabilities","l10n_ec.account_chart_template_cia","l10n_ec.account_group_20205","False"
"account_cia_20206","ANTICIPOS DE CLIENTES","2.02.06","account.data_account_type_non_current_liabilities","l10n_ec.account_chart_template_cia","l10n_ec.account_group_202","False"
"account_cia_2020701","JUBILACION PATRONAL","2.02.07.01","account.data_account_type_non_current_liabilities","l10n_ec.account_chart_template_cia","l10n_ec.account_group_20207","False"
"account_cia_2020702","OTROS BENEFICIOS NO CORRIENTES PARA LOS EMPLEADOS","2.02.07.02","account.data_account_type_non_current_liabilities","l10n_ec.account_chart_template_cia","l10n_ec.account_group_20207","False"
"account_cia_20208","OTRAS PROVISIONES","2.02.08","account.data_account_type_non_current_liabilities","l10n_ec.account_chart_template_cia","l10n_ec.account_group_202","False"
"account_cia_2020901","INGRESOS DIFERIDOS","2.02.09.01","account.data_account_type_non_current_liabilities","l10n_ec.account_chart_template_cia","l10n_ec.account_group_20209","False"
"account_cia_2020902","PASIVOS POR IMPUESTOS DIFERIDOS ","2.02.09.02","account.data_account_type_non_current_liabilities","l10n_ec.account_chart_template_cia","l10n_ec.account_group_20209","False"
"account_cia_20210","OTROS PASIVOS NO CORRIENTES","2.02.10","account.data_account_type_non_current_liabilities","l10n_ec.account_chart_template_cia","l10n_ec.account_group_202","False"
"account_cia_30101"," CAPITAL SUSCRITO O ASIGNADO","3.01.01","account.data_account_type_equity","l10n_ec.account_chart_template_cia","l10n_ec.account_group_301","False"
"account_cia_30102"," (-) CAPITAL SUSCRITO NO PAGADO, ACCIONES EN TESORERÍA ","3.01.02","account.data_account_type_equity","l10n_ec.account_chart_template_cia","l10n_ec.account_group_301","False"
"account_cia_30103","FONDO PATRIMONIAL","3.01.03","account.data_account_type_equity","l10n_ec.account_chart_template_cia","l10n_ec.account_group_301","False"
"account_cia_30104","PATRIMONIO DE LOS NEGOCIOS FIDUCIARIOS","3.01.04","account.data_account_type_equity","l10n_ec.account_chart_template_cia","l10n_ec.account_group_301","False"
"account_cia_3010501","PATRIMONIO DEL FONDO ADMINISTRADO","3.01.05.01","account.data_account_type_equity","l10n_ec.account_chart_template_cia","l10n_ec.account_group_30105","False"
"account_cia_3010502","PATRIMONIO DEL FONDO COLECTIVO","3.01.05.02","account.data_account_type_equity","l10n_ec.account_chart_template_cia","l10n_ec.account_group_30105","False"
"account_cia_302","APORTES DE SOCIOS O ACCIONISTAS PARA FUTURA CAPITALIZACIÓN","3.02","account.data_account_type_equity","l10n_ec.account_chart_template_cia","l10n_ec.account_group_3","False"
"account_cia_303","PRIMA POR EMISIÓN PRIMARIA DE ACCIONES","3.03","account.data_account_type_equity","l10n_ec.account_chart_template_cia","l10n_ec.account_group_3","False"
"account_cia_30402","RESERVAS FACULTATIVA Y ESTATUTARIA","3.04.02","account.data_account_type_equity","l10n_ec.account_chart_template_cia","l10n_ec.account_group_304","False"
"account_cia_30501","SUPERAVIT DE ACTIVOS FINANCIEROS DISPONIBLES PARA LA VENTA ","3.05.01","account.data_account_type_equity","l10n_ec.account_chart_template_cia","l10n_ec.account_group_305","False"
"account_cia_30502","SUPERAVIT POR REVALUACIÓN DE PROPIEDADES, PLANTA Y EQUIPO ","3.05.02","account.data_account_type_equity","l10n_ec.account_chart_template_cia","l10n_ec.account_group_305","False"
"account_cia_30503","SUPERAVIT POR REVALUACION DE ACTIVOS INTANGIBLES","3.05.03","account.data_account_type_equity","l10n_ec.account_chart_template_cia","l10n_ec.account_group_305","False"
"account_cia_30504","OTROS SUPERAVIT POR REVALUACION","3.05.04","account.data_account_type_equity","l10n_ec.account_chart_template_cia","l10n_ec.account_group_305","False"
"account_cia_30603","RESULTADOS ACUMULADOS PROVENIENTES DE LA ADOPCION POR PRIMERA VEZ DE LAS NIIF ","3.06.03","account.data_account_type_equity","l10n_ec.account_chart_template_cia","l10n_ec.account_group_306","False"
"account_cia_30604","RESERVA DE CAPITAL","3.06.04","account.data_account_type_equity","l10n_ec.account_chart_template_cia","l10n_ec.account_group_306","False"
"account_cia_30605","RESERVA POR DONACIONES","3.06.05","account.data_account_type_equity","l10n_ec.account_chart_template_cia","l10n_ec.account_group_306","False"
"account_cia_30606","RESERVA POR VALUACIÓN","3.06.06","account.data_account_type_equity","l10n_ec.account_chart_template_cia","l10n_ec.account_group_306","False"
"account_cia_30607","SUPERÁVIT POR REVALUACIÓN DE INVERSIONES","3.06.07","account.data_account_type_equity","l10n_ec.account_chart_template_cia","l10n_ec.account_group_306","False"
"account_cia_40101","VENTA DE BIENES","4.01.01","account.data_account_type_revenue","l10n_ec.account_chart_template_cia","l10n_ec.account_group_401","False"
"account_cia_4010201","INGRESOS POR ASESORÍA","4.01.02.01","account.data_account_type_revenue","l10n_ec.account_chart_template_cia","l10n_ec.account_group_40102","False"
"account_cia_4010202","INGRESOS POR ESTRUCTURACIÓN DE OFERTA PÚBLICA DE VALORES","4.01.02.02","account.data_account_type_revenue","l10n_ec.account_chart_template_cia","l10n_ec.account_group_40102","False"
"account_cia_4010203","INGRESOS POR ESTRUCTURACIÓN DE OFERTA PÚBLICA DE NEGOCIOS FIDUCIARIOS","4.01.02.03","account.data_account_type_revenue","l10n_ec.account_chart_template_cia","l10n_ec.account_group_40102","False"
"account_cia_4010204","OTROS","4.01.02.04","account.data_account_type_revenue","l10n_ec.account_chart_template_cia","l10n_ec.account_group_40102","False"
"account_cia_40103","CONTRATOS DE CONSTRUCCION","4.01.03","account.data_account_type_revenue","l10n_ec.account_chart_template_cia","l10n_ec.account_group_401","False"
"account_cia_40104","SUBVENCIONES DEL GOBIERNO","4.01.04","account.data_account_type_revenue","l10n_ec.account_chart_template_cia","l10n_ec.account_group_401","False"
"account_cia_40105","REGALÍAS","4.01.05","account.data_account_type_revenue","l10n_ec.account_chart_template_cia","l10n_ec.account_group_401","False"
"account_cia_4010601","INTERESES GENERADOS POR VENTAS A CREDITO","4.01.06.01","account.data_account_type_revenue","l10n_ec.account_chart_template_cia","l10n_ec.account_group_40106","False"
"account_cia_4010602","INTERESES Y RENDIMIENTOS FINANCIEROS","4.01.06.02","account.data_account_type_revenue","l10n_ec.account_chart_template_cia","l10n_ec.account_group_40106","False"
"account_cia_4010603","OTROS INTERESES GENERADOS","4.01.06.03","account.data_account_type_revenue","l10n_ec.account_chart_template_cia","l10n_ec.account_group_40106","False"
"account_cia_40107","DIVIDENDOS","4.01.07","account.data_account_type_revenue","l10n_ec.account_chart_template_cia","l10n_ec.account_group_401","False"
"account_cia_40108","GANANCIA POR MEDICION A VALOR RAZONABLE DE ACTIVOS BIOLOGICOS","4.01.08","account.data_account_type_revenue","l10n_ec.account_chart_template_cia","l10n_ec.account_group_401","False"
"account_cia_401090101","POR OPERACIONES BURSATILES","4.01.09.01.01","account.data_account_type_revenue","l10n_ec.account_chart_template_cia","l10n_ec.account_group_4010901","False"
"account_cia_401090102","POR OPERACIONES EXTRABURSATILES","4.01.09.01.02","account.data_account_type_revenue","l10n_ec.account_chart_template_cia","l10n_ec.account_group_4010901","False"
"account_cia_401090103","POR CONTRATOS DE UNDERWRITING","4.01.09.01.03","account.data_account_type_revenue","l10n_ec.account_chart_template_cia","l10n_ec.account_group_4010901","False"
"account_cia_401090104","POR COMISIÓN EN OPERACIONES","4.01.09.01.04","account.data_account_type_revenue","l10n_ec.account_chart_template_cia","l10n_ec.account_group_4010901","False"
"account_cia_401090105","POR INSCRIPCIONES","4.01.09.01.05","account.data_account_type_revenue","l10n_ec.account_chart_template_cia","l10n_ec.account_group_4010901","False"
"account_cia_401090106","POR MANTENIMIENTO DE INSCRIPCIÓN","4.01.09.01.06","account.data_account_type_revenue","l10n_ec.account_chart_template_cia","l10n_ec.account_group_4010901","False"
"account_cia_401090201","PORTAFOLIO DE TERCEROS","4.01.09.02.01","account.data_account_type_revenue","l10n_ec.account_chart_template_cia","l10n_ec.account_group_4010902","False"
"account_cia_401090202","FONDOS ADMINISTRADOS","4.01.09.02.02","account.data_account_type_revenue","l10n_ec.account_chart_template_cia","l10n_ec.account_group_4010902","False"
"account_cia_401090203","FONDOS COLECTIVOS","4.01.09.02.03","account.data_account_type_revenue","l10n_ec.account_chart_template_cia","l10n_ec.account_group_4010902","False"
"account_cia_401090204","TITULARIZACIÓN","4.01.09.02.04","account.data_account_type_revenue","l10n_ec.account_chart_template_cia","l10n_ec.account_group_4010902","False"
"account_cia_401090205","FIDEICOMISOS MERCANTILES","4.01.09.02.05","account.data_account_type_revenue","l10n_ec.account_chart_template_cia","l10n_ec.account_group_4010902","False"
"account_cia_401090206","ENCARGOS FIDUCIARIOS","4.01.09.02.06","account.data_account_type_revenue","l10n_ec.account_chart_template_cia","l10n_ec.account_group_4010902","False"
"account_cia_401090207","POR CALIFICACION DE RIESGO ","4.01.09.02.07","account.data_account_type_revenue","l10n_ec.account_chart_template_cia","l10n_ec.account_group_4010902","False"
"account_cia_401090208","POR REPRESENTACION DE OBLIGACIONISTAS","4.01.09.02.08","account.data_account_type_revenue","l10n_ec.account_chart_template_cia","l10n_ec.account_group_4010902","False"
"account_cia_401090301","CUSTODIA VALORES MATERIALIZADOS","4.01.09.03.01","account.data_account_type_revenue","l10n_ec.account_chart_template_cia","l10n_ec.account_group_4010903","False"
"account_cia_401090302","CUSTODIA VALORES DESMATERIALIZADOS","4.01.09.03.02","account.data_account_type_revenue","l10n_ec.account_chart_template_cia","l10n_ec.account_group_4010903","False"
"account_cia_401090303","COMPENSACIÓN Y LIQUIDACIÓN DE VALORES","4.01.09.03.03","account.data_account_type_revenue","l10n_ec.account_chart_template_cia","l10n_ec.account_group_4010903","False"
"account_cia_401090304","OTROS","4.01.09.03.04","account.data_account_type_revenue","l10n_ec.account_chart_template_cia","l10n_ec.account_group_4010903","False"
"account_cia_4011001","DIVIDENDOS ","4.01.10.01","account.data_account_type_revenue","l10n_ec.account_chart_template_cia","l10n_ec.account_group_40110","False"
"account_cia_4011002","INTERESES FINANCIEROS ","4.01.10.02","account.data_account_type_revenue","l10n_ec.account_chart_template_cia","l10n_ec.account_group_40110","False"
"account_cia_4011003","GANANCIA EN INVERSIONES EN ASOCIADAS / SUBSIDIARIAS Y OTRAS","4.01.10.03","account.data_account_type_revenue","l10n_ec.account_chart_template_cia","l10n_ec.account_group_40110","False"
"account_cia_4011004","VALUACION DE INSTRUMENTOS FINANCIEROS A VALOR RAZONABLE CON CAMBIO EN RESULTADOS","4.01.10.04","account.data_account_type_revenue","l10n_ec.account_chart_template_cia","l10n_ec.account_group_40110","False"
"account_cia_4011005","GANANCIA EN VENTA DE TITULOS VALORES ","4.01.10.05","account.data_account_type_revenue","l10n_ec.account_chart_template_cia","l10n_ec.account_group_40110","False"
"account_cia_4011006","OTROS INGRESOS FINANCIEROS","4.01.10.06","account.data_account_type_revenue","l10n_ec.account_chart_template_cia","l10n_ec.account_group_40110","False"
"account_cia_4011101","GANANCIA EN VENTA DE PROPIEDAD, PLANTA Y EQUIPO","4.01.11.01","account.data_account_type_revenue","l10n_ec.account_chart_template_cia","l10n_ec.account_group_40111","False"
"account_cia_4011102","GANANCIA EN VENTA DE ACTIVOS BIOLOGICOS","4.01.11.02","account.data_account_type_revenue","l10n_ec.account_chart_template_cia","l10n_ec.account_group_40111","False"
"account_cia_4011103","OTROS","4.01.11.03","account.data_account_type_revenue","l10n_ec.account_chart_template_cia","l10n_ec.account_group_40111","False"
"account_cia_40114","(-) BONIFICACIÓN EN PRODUCTO","4.01.14","account.data_account_type_revenue","l10n_ec.account_chart_template_cia","l10n_ec.account_group_401","False"
"account_cia_40115","(-) OTRAS REBAJAS COMERCIALES","4.01.15","account.data_account_type_revenue","l10n_ec.account_chart_template_cia","l10n_ec.account_group_401","False"
"account_cia_40116","UTILIDAD EN CAMBIO","4.01.16","account.data_account_type_revenue","l10n_ec.account_chart_template_cia","l10n_ec.account_group_401","False"
"account_cia_5010201","SUELDOS Y BENEFICIOS SOCIALES","5.01.02.01","account.data_account_type_direct_costs","l10n_ec.account_chart_template_cia","l10n_ec.account_group_50102","False"
"account_cia_5010202","GASTOS PLANES DE BENEFICIOS A EMPLEADOS","5.01.02.02","account.data_account_type_direct_costs","l10n_ec.account_chart_template_cia","l10n_ec.account_group_50102","False"
"account_cia_5010301","SUELDOS Y BENEFICIOS SOCIALES","5.01.03.01","account.data_account_type_direct_costs","l10n_ec.account_chart_template_cia","l10n_ec.account_group_50103","False"
"account_cia_5010302","GASTO PLANES DE BENEFICIOS A EMPLEADOS","5.01.03.02","account.data_account_type_direct_costs","l10n_ec.account_chart_template_cia","l10n_ec.account_group_50103","False"
"account_cia_5010401","DEPRECIACIÓN PROPIEDADES, PLANTA Y EQUIPO","5.01.04.01","account.data_account_type_direct_costs","l10n_ec.account_chart_template_cia","l10n_ec.account_group_50104","False"
"account_cia_5010402","DETERIORO O PERDIDAS DE ACTIVOS BIOLOGICOS","5.01.04.02","account.data_account_type_direct_costs","l10n_ec.account_chart_template_cia","l10n_ec.account_group_50104","False"
"account_cia_5010403","DETERIORO DE PROPIEDAD, PLANTA Y EQUIPO","5.01.04.03","account.data_account_type_direct_costs","l10n_ec.account_chart_template_cia","l10n_ec.account_group_50104","False"
"account_cia_5010404","EFECTO VALOR NETO DE REALIZACION DE INVENTARIOS","5.01.04.04","account.data_account_type_direct_costs","l10n_ec.account_chart_template_cia","l10n_ec.account_group_50104","False"
"account_cia_5010405","GASTO POR GARANTIAS EN VENTA DE PRODUCTOS O SERVICIOS","5.01.04.05","account.data_account_type_direct_costs","l10n_ec.account_chart_template_cia","l10n_ec.account_group_50104","False"
"account_cia_5010406","MANTENIMIENTO Y REPARACIONES","5.01.04.06","account.data_account_type_direct_costs","l10n_ec.account_chart_template_cia","l10n_ec.account_group_50104","False"
"account_cia_5010407","SUMINISTROS MATERIALES Y REPUESTOS","5.01.04.07","account.data_account_type_direct_costs","l10n_ec.account_chart_template_cia","l10n_ec.account_group_50104","False"
"account_cia_5010408","OTROS COSTOS DE PRODUCCIÓN","5.01.04.08","account.data_account_type_direct_costs","l10n_ec.account_chart_template_cia","l10n_ec.account_group_50104","False"
"account_cia_5010501","COSTOS DE ACUERDO A PORCENTAJES O GRADOS DE TERMINACIÓN","5.01.05.01","account.data_account_type_direct_costs","l10n_ec.account_chart_template_cia","l10n_ec.account_group_50105","False"
"account_cia_402","GANANCIA BRUTA","4.02","account.data_account_type_direct_costs","l10n_ec.account_chart_template_cia","l10n_ec.account_group_4","False"
"account_cia_403","OTROS INGRESOS","4.03","account.data_account_type_direct_costs","l10n_ec.account_chart_template_cia","l10n_ec.account_group_4","False"
"account_cia_5020101","SUELDOS, SALARIOS Y DEMÁS REMUNERACIONES","5.02.01.01","account.data_account_type_expenses","l10n_ec.account_chart_template_cia","l10n_ec.account_group_50201","False"
"account_cia_5020102","APORTES A LA SEGURIDAD SOCIAL (INCLUIDO FONDO DE RESERVA)","5.02.01.02","account.data_account_type_expenses","l10n_ec.account_chart_template_cia","l10n_ec.account_group_50201","False"
"account_cia_5020103","BENEFICIOS SOCIALES E INDEMNIZACIONES","5.02.01.03","account.data_account_type_expenses","l10n_ec.account_chart_template_cia","l10n_ec.account_group_50201","False"
"account_cia_5020104","GASTO PLANES DE BENEFICIOS A EMPLEADOS","5.02.01.04","account.data_account_type_expenses","l10n_ec.account_chart_template_cia","l10n_ec.account_group_50201","False"
"account_cia_5020105","HONORARIOS, COMISIONES Y DIETAS A PERSONAS NATURALES","5.02.01.05","account.data_account_type_expenses","l10n_ec.account_chart_template_cia","l10n_ec.account_group_50201","False"
"account_cia_5020106","REMUNERACIONES A OTROS TRABAJADORES AUTÓNOMOS","5.02.01.06","account.data_account_type_expenses","l10n_ec.account_chart_template_cia","l10n_ec.account_group_50201","False"
"account_cia_5020107","HONORARIOS A EXTRANJEROS POR SERVICIOS OCASIONALES","5.02.01.07","account.data_account_type_expenses","l10n_ec.account_chart_template_cia","l10n_ec.account_group_50201","False"
"account_cia_5020108","MANTENIMIENTO Y REPARACIONES","5.02.01.08","account.data_account_type_expenses","l10n_ec.account_chart_template_cia","l10n_ec.account_group_50201","False"
"account_cia_5020109","ARRENDAMIENTO OPERATIVO ","5.02.01.09","account.data_account_type_expenses","l10n_ec.account_chart_template_cia","l10n_ec.account_group_50201","False"
"account_cia_5020110","COMISIONES","5.02.01.10","account.data_account_type_expenses","l10n_ec.account_chart_template_cia","l10n_ec.account_group_50201","False"
"account_cia_5020111","PROMOCIÓN Y PUBLICIDAD","5.02.01.11","account.data_account_type_expenses","l10n_ec.account_chart_template_cia","l10n_ec.account_group_50201","False"
"account_cia_5020112","COMBUSTIBLES","5.02.01.12","account.data_account_type_expenses","l10n_ec.account_chart_template_cia","l10n_ec.account_group_50201","False"
"account_cia_5020113","LUBRICANTES ","5.02.01.13","account.data_account_type_expenses","l10n_ec.account_chart_template_cia","l10n_ec.account_group_50201","False"
"account_cia_5020114","SEGUROS Y REASEGUROS (PRIMAS Y CESIONES)","5.02.01.14","account.data_account_type_expenses","l10n_ec.account_chart_template_cia","l10n_ec.account_group_50201","False"
"account_cia_5020115","TRANSPORTE","5.02.01.15","account.data_account_type_expenses","l10n_ec.account_chart_template_cia","l10n_ec.account_group_50201","False"
"account_cia_5020116","GASTOS DE GESTIÓN (AGASAJOS A ACCIONISTAS, TRABAJADORES Y CLIENTES) ","5.02.01.16","account.data_account_type_expenses","l10n_ec.account_chart_template_cia","l10n_ec.account_group_50201","False"
"account_cia_5020117","GASTOS DE VIAJE","5.02.01.17","account.data_account_type_expenses","l10n_ec.account_chart_template_cia","l10n_ec.account_group_50201","False"
"account_cia_5020118","AGUA, ENERGÍA, LUZ, Y TELECOMUNICACIONES","5.02.01.18","account.data_account_type_expenses","l10n_ec.account_chart_template_cia","l10n_ec.account_group_50201","False"
"account_cia_5020119","NOTARIOS Y REGISTRADORES DE LA PROPIEDAD O MERCANTILES","5.02.01.19","account.data_account_type_expenses","l10n_ec.account_chart_template_cia","l10n_ec.account_group_50201","False"
"account_cia_502012001","PROPIEDADES, PLANTA Y EQUIPO","5.02.01.20.01","account.data_account_type_expenses","l10n_ec.account_chart_template_cia","l10n_ec.account_group_5020120","False"
"account_cia_502012002","PROPIEDADES DE INVERSIÓN","5.02.01.20.02","account.data_account_type_expenses","l10n_ec.account_chart_template_cia","l10n_ec.account_group_5020120","False"
"account_cia_502012101","INTANGIBLES","5.02.01.21.01","account.data_account_type_expenses","l10n_ec.account_chart_template_cia","l10n_ec.account_group_5020121","False"
"account_cia_502012102","OTROS ACTIVOS","5.02.01.21.02","account.data_account_type_expenses","l10n_ec.account_chart_template_cia","l10n_ec.account_group_5020121","False"
"account_cia_502012201","PROPIEDADES, PLANTA Y EQUIPO","5.02.01.22.01","account.data_account_type_expenses","l10n_ec.account_chart_template_cia","l10n_ec.account_group_5020122","False"
"account_cia_502012202","INVENTARIOS","5.02.01.22.02","account.data_account_type_expenses","l10n_ec.account_chart_template_cia","l10n_ec.account_group_5020122","False"
"account_cia_502012203","INSTRUMENTOS FINANCIEROS","5.02.01.22.03","account.data_account_type_expenses","l10n_ec.account_chart_template_cia","l10n_ec.account_group_5020122","False"
"account_cia_502012204","INTANGIBLES","5.02.01.22.04","account.data_account_type_expenses","l10n_ec.account_chart_template_cia","l10n_ec.account_group_5020122","False"
"account_cia_502012205","CUENTAS POR COBRAR","5.02.01.22.05","account.data_account_type_expenses","l10n_ec.account_chart_template_cia","l10n_ec.account_group_5020122","False"
"account_cia_502012206","OTROS ACTIVOS","5.02.01.22.06","account.data_account_type_expenses","l10n_ec.account_chart_template_cia","l10n_ec.account_group_5020122","False"
"account_cia_502012301","MANO DE OBRA","5.02.01.23.01","account.data_account_type_expenses","l10n_ec.account_chart_template_cia","l10n_ec.account_group_5020123","False"
"account_cia_502012302","MATERIALES","5.02.01.23.02","account.data_account_type_expenses","l10n_ec.account_chart_template_cia","l10n_ec.account_group_5020123","False"
"account_cia_502012303","COSTOS DE PRODUCCION","5.02.01.23.03","account.data_account_type_expenses","l10n_ec.account_chart_template_cia","l10n_ec.account_group_5020123","False"
"account_cia_5020124","GASTO POR REESTRUCTURACION","5.02.01.24","account.data_account_type_expenses","l10n_ec.account_chart_template_cia","l10n_ec.account_group_50201","False"
"account_cia_5020125","VALOR NETO DE REALIZACION DE INVENTARIOS","5.02.01.25","account.data_account_type_expenses","l10n_ec.account_chart_template_cia","l10n_ec.account_group_50201","False"
"account_cia_5020126","GASTO IMPUESTO A LA RENTA (ACTIVOS Y PASIVOS DIFERIDOS)","5.02.01.26","account.data_account_type_expenses","l10n_ec.account_chart_template_cia","l10n_ec.account_group_50201","False"
"account_cia_5020127","SUMINISTROS Y MATERIALES","5.02.01.27","account.data_account_type_expenses","l10n_ec.account_chart_template_cia","l10n_ec.account_group_50201","False"
"account_cia_5020128","OTROS GASTOS","5.02.01.28","account.data_account_type_expenses","l10n_ec.account_chart_template_cia","l10n_ec.account_group_50201","False"
"account_cia_5020201","SUELDOS, SALARIOS Y DEMÁS REMUNERACIONES","5.02.02.01","account.data_account_type_expenses","l10n_ec.account_chart_template_cia","l10n_ec.account_group_50202","False"
"account_cia_5020202","APORTES A LA SEGURIDAD SOCIAL (INCLUIDO FONDO DE RESERVA)","5.02.02.02","account.data_account_type_expenses","l10n_ec.account_chart_template_cia","l10n_ec.account_group_50202","False"
"account_cia_5020203","BENEFICIOS SOCIALES E INDEMNIZACIONES","5.02.02.03","account.data_account_type_expenses","l10n_ec.account_chart_template_cia","l10n_ec.account_group_50202","False"
"account_cia_5020204","GASTO PLANES DE BENEFICIOS A EMPLEADOS","5.02.02.04","account.data_account_type_expenses","l10n_ec.account_chart_template_cia","l10n_ec.account_group_50202","False"
"account_cia_5020205","HONORARIOS, COMISIONES Y DIETAS A PERSONAS NATURALES","5.02.02.05","account.data_account_type_expenses","l10n_ec.account_chart_template_cia","l10n_ec.account_group_50202","False"
"account_cia_5020206","REMUNERACIONES A OTROS TRABAJADORES AUTÓNOMOS","5.02.02.06","account.data_account_type_expenses","l10n_ec.account_chart_template_cia","l10n_ec.account_group_50202","False"
"account_cia_5020207","HONORARIOS A EXTRANJEROS POR SERVICIOS OCASIONALES","5.02.02.07","account.data_account_type_expenses","l10n_ec.account_chart_template_cia","l10n_ec.account_group_50202","False"
"account_cia_5020208","MANTENIMIENTO Y REPARACIONES","5.02.02.08","account.data_account_type_expenses","l10n_ec.account_chart_template_cia","l10n_ec.account_group_50202","False"
"account_cia_5020209","ARRENDAMIENTO OPERATIVO ","5.02.02.09","account.data_account_type_expenses","l10n_ec.account_chart_template_cia","l10n_ec.account_group_50202","False"
"account_cia_5020210","COMISIONES","5.02.02.10","account.data_account_type_expenses","l10n_ec.account_chart_template_cia","l10n_ec.account_group_50202","False"
"account_cia_5020211","PROMOCIÓN Y PUBLICIDAD","5.02.02.11","account.data_account_type_expenses","l10n_ec.account_chart_template_cia","l10n_ec.account_group_50202","False"
"account_cia_5020212","COMBUSTIBLES","5.02.02.12","account.data_account_type_expenses","l10n_ec.account_chart_template_cia","l10n_ec.account_group_50202","False"
"account_cia_5020213","LUBRICANTES ","5.02.02.13","account.data_account_type_expenses","l10n_ec.account_chart_template_cia","l10n_ec.account_group_50202","False"
"account_cia_5020214","SEGUROS Y REASEGUROS (PRIMAS Y CESIONES)","5.02.02.14","account.data_account_type_expenses","l10n_ec.account_chart_template_cia","l10n_ec.account_group_50202","False"
"account_cia_5020215","TRANSPORTE","5.02.02.15","account.data_account_type_expenses","l10n_ec.account_chart_template_cia","l10n_ec.account_group_50202","False"
"account_cia_5020216","GASTOS DE GESTIÓN (AGASAJOS A ACCIONISTAS, TRABAJADORES Y CLIENTES) ","5.02.02.16","account.data_account_type_expenses","l10n_ec.account_chart_template_cia","l10n_ec.account_group_50202","False"
"account_cia_5020217","GASTOS DE VIAJE","5.02.02.17","account.data_account_type_expenses","l10n_ec.account_chart_template_cia","l10n_ec.account_group_50202","False"
"account_cia_5020218","AGUA, ENERGÍA, LUZ, Y TELECOMUNICACIONES","5.02.02.18","account.data_account_type_expenses","l10n_ec.account_chart_template_cia","l10n_ec.account_group_50202","False"
"account_cia_5020219","NOTARIOS Y REGISTRADORES DE LA PROPIEDAD O MERCANTILES","5.02.02.19","account.data_account_type_expenses","l10n_ec.account_chart_template_cia","l10n_ec.account_group_50202","False"
"account_cia_5020220","IMPUESTOS, CONTRIBUCIONES Y OTROS","5.02.02.20","account.data_account_type_expenses","l10n_ec.account_chart_template_cia","l10n_ec.account_group_50202","False"
"account_cia_502022101","PROPIEDADES, PLANTA Y EQUIPO","5.02.02.21.01","account.data_account_type_expenses","l10n_ec.account_chart_template_cia","l10n_ec.account_group_5020221","False"
"account_cia_502022102","PROPIEDADES DE INVERSIÓN","5.02.02.21.02","account.data_account_type_expenses","l10n_ec.account_chart_template_cia","l10n_ec.account_group_5020221","False"
"account_cia_502022201","INTANGIBLES","5.02.02.22.01","account.data_account_type_expenses","l10n_ec.account_chart_template_cia","l10n_ec.account_group_5020222","False"
"account_cia_502022202","OTROS ACTIVOS","5.02.02.22.02","account.data_account_type_expenses","l10n_ec.account_chart_template_cia","l10n_ec.account_group_5020222","False"
"account_cia_502022301","PROPIEDADES, PLANTA Y EQUIPO","5.02.02.23.01","account.data_account_type_expenses","l10n_ec.account_chart_template_cia","l10n_ec.account_group_5020223","False"
"account_cia_502022302","INVENTARIOS","5.02.02.23.02","account.data_account_type_expenses","l10n_ec.account_chart_template_cia","l10n_ec.account_group_5020223","False"
"account_cia_502022303","INSTRUMENTOS FINANCIEROS","5.02.02.23.03","account.data_account_type_expenses","l10n_ec.account_chart_template_cia","l10n_ec.account_group_5020223","False"
"account_cia_502022304","INTANGIBLES","5.02.02.23.04","account.data_account_type_expenses","l10n_ec.account_chart_template_cia","l10n_ec.account_group_5020223","False"
"account_cia_502022305","CUENTAS POR COBRAR","5.02.02.23.05","account.data_account_type_expenses","l10n_ec.account_chart_template_cia","l10n_ec.account_group_5020223","False"
"account_cia_502022306","OTROS ACTIVOS","5.02.02.23.06","account.data_account_type_expenses","l10n_ec.account_chart_template_cia","l10n_ec.account_group_5020223","False"
"account_cia_502022401","MANO DE OBRA","5.02.02.24.01","account.data_account_type_expenses","l10n_ec.account_chart_template_cia","l10n_ec.account_group_5020224","False"
"account_cia_502022402","MATERIALES","5.02.02.24.02","account.data_account_type_expenses","l10n_ec.account_chart_template_cia","l10n_ec.account_group_5020224","False"
"account_cia_502022403","COSTOS DE PRODUCCION","5.02.02.24.03","account.data_account_type_expenses","l10n_ec.account_chart_template_cia","l10n_ec.account_group_5020224","False"
"account_cia_5020225","GASTO POR REESTRUCTURACION","5.02.02.25","account.data_account_type_expenses","l10n_ec.account_chart_template_cia","l10n_ec.account_group_50202","False"
"account_cia_5020226","VALOR NETO DE REALIZACION DE INVENTARIOS","5.02.02.26","account.data_account_type_expenses","l10n_ec.account_chart_template_cia","l10n_ec.account_group_50202","False"
"account_cia_5020227","GASTO IMPUESTO A LA RENTA (ACTIVOS Y PASIVOS DIFERIDOS)","5.02.02.27","account.data_account_type_expenses","l10n_ec.account_chart_template_cia","l10n_ec.account_group_50202","False"
"account_cia_5020228","SUMINISTROS Y MATERIALES","5.02.02.28","account.data_account_type_expenses","l10n_ec.account_chart_template_cia","l10n_ec.account_group_50202","False"
"account_cia_5020229","OTROS GASTOS ","5.02.02.29","account.data_account_type_expenses","l10n_ec.account_chart_template_cia","l10n_ec.account_group_50202","False"
"account_cia_5020301","INTERESES","5.02.03.01","account.data_account_type_expenses","l10n_ec.account_chart_template_cia","l10n_ec.account_group_50203","False"
"account_cia_50203020101","POR OPERACIONES BURSATILES","5.02.03.02.01.01","account.data_account_type_expenses","l10n_ec.account_chart_template_cia","l10n_ec.account_group_502030201","False"
"account_cia_50203020102","POR OPERACIONES EXTRABURSATILES","5.02.03.02.01.02","account.data_account_type_expenses","l10n_ec.account_chart_template_cia","l10n_ec.account_group_502030201","False"
"account_cia_50203020103","POR CONTRATOS DE UNDERWRITING","5.02.03.02.01.03","account.data_account_type_expenses","l10n_ec.account_chart_template_cia","l10n_ec.account_group_502030201","False"
"account_cia_50203020104","POR COMISIÓN EN OPERACIONES","5.02.03.02.01.04","account.data_account_type_expenses","l10n_ec.account_chart_template_cia","l10n_ec.account_group_502030201","False"
"account_cia_50203020105","POR INSCRIPCIONES","5.02.03.02.01.05","account.data_account_type_expenses","l10n_ec.account_chart_template_cia","l10n_ec.account_group_502030201","False"
"account_cia_50203020106","POR MANTENIMIENTO DE INSCRIPCIÓN","5.02.03.02.01.06","account.data_account_type_expenses","l10n_ec.account_chart_template_cia","l10n_ec.account_group_502030201","False"
"account_cia_502030301","PORTAFOLIO DE TERCEROS","5.02.03.03.01","account.data_account_type_expenses","l10n_ec.account_chart_template_cia","l10n_ec.account_group_5020303","False"
"account_cia_502030302","FONDOS ADMINISTRADOS","5.02.03.03.02","account.data_account_type_expenses","l10n_ec.account_chart_template_cia","l10n_ec.account_group_5020303","False"
"account_cia_502030303","FONDOS COLECTIVOS","5.02.03.03.03","account.data_account_type_expenses","l10n_ec.account_chart_template_cia","l10n_ec.account_group_5020303","False"
"account_cia_502030304","TITULARIZACIÓN","5.02.03.03.04","account.data_account_type_expenses","l10n_ec.account_chart_template_cia","l10n_ec.account_group_5020303","False"
"account_cia_502030305","FIDEICOMISOS MERCANTILES","5.02.03.03.05","account.data_account_type_expenses","l10n_ec.account_chart_template_cia","l10n_ec.account_group_5020303","False"
"account_cia_502030306","ENCARGOS FIDUCIARIOS","5.02.03.03.06","account.data_account_type_expenses","l10n_ec.account_chart_template_cia","l10n_ec.account_group_5020303","False"
"account_cia_502030307","POR CALIFICACION DE RIESGO ","5.02.03.03.07","account.data_account_type_expenses","l10n_ec.account_chart_template_cia","l10n_ec.account_group_5020303","False"
"account_cia_502030308","POR REPRESENTACION DE OBLIGACIONISTAS","5.02.03.03.08","account.data_account_type_expenses","l10n_ec.account_chart_template_cia","l10n_ec.account_group_5020303","False"
"account_cia_502030401","CUSTODIA VALORES MATERIALIZADOS","5.02.03.04.01","account.data_account_type_expenses","l10n_ec.account_chart_template_cia","l10n_ec.account_group_5020304","False"
"account_cia_502030402","CUSTODIA VALORES DESMATERIALIZADOS","5.02.03.04.02","account.data_account_type_expenses","l10n_ec.account_chart_template_cia","l10n_ec.account_group_5020304","False"
"account_cia_502030403","COMPENSACIÓN Y LIQUIDACIÓN DE VALORES","5.02.03.04.03","account.data_account_type_expenses","l10n_ec.account_chart_template_cia","l10n_ec.account_group_5020304","False"
"account_cia_502030404","OTROS","5.02.03.04.04","account.data_account_type_expenses","l10n_ec.account_chart_template_cia","l10n_ec.account_group_5020304","False"
"account_cia_502030501","POR ASESORÍA","5.02.03.05.01","account.data_account_type_expenses","l10n_ec.account_chart_template_cia","l10n_ec.account_group_5020305","False"
"account_cia_502030502","POR ESTRUCTURACIÓN DE OFERTA PÚBLICA DE VALORES","5.02.03.05.02","account.data_account_type_expenses","l10n_ec.account_chart_template_cia","l10n_ec.account_group_5020305","False"
"account_cia_502030503","POR ESTRUCTURACIÓN DE OFERTA PÚBLICA DE NEGOCIOS FIDUCIARIOS","5.02.03.05.03","account.data_account_type_expenses","l10n_ec.account_chart_template_cia","l10n_ec.account_group_5020305","False"
"account_cia_502030504","OTROS","5.02.03.05.04","account.data_account_type_expenses","l10n_ec.account_chart_template_cia","l10n_ec.account_group_5020305","False"
"account_cia_5020306","GASTOS DE FINANCIAMIENTO DE ACTIVOS","5.02.03.06","account.data_account_type_expenses","l10n_ec.account_chart_template_cia","l10n_ec.account_group_50203","False"
"account_cia_5020307","DIFERENCIA EN CAMBIO","5.02.03.07","account.data_account_type_expenses","l10n_ec.account_chart_template_cia","l10n_ec.account_group_50203","False"
"account_cia_5020308","VALUACION DE INSTRUMENTOS FINANCIEROS A VALOR RAZONABLE CON CAMBIO EN RESULTADOS","5.02.03.08","account.data_account_type_expenses","l10n_ec.account_chart_template_cia","l10n_ec.account_group_50203","False"
"account_cia_5020309","PERDIDA EN VENTA DE TITULOS VALORES ","5.02.03.09","account.data_account_type_expenses","l10n_ec.account_chart_template_cia","l10n_ec.account_group_50203","False"
"account_cia_5020310","PERDIDA EN VENTA DE PROPIEDAD, PLANTA Y EQUIPO","5.02.03.10","account.data_account_type_expenses","l10n_ec.account_chart_template_cia","l10n_ec.account_group_50203","False"
"account_cia_5020311","PERDIDA EN VENTA DE ACTIVOS BIOLOGICOS","5.02.03.11","account.data_account_type_expenses","l10n_ec.account_chart_template_cia","l10n_ec.account_group_50203","False"
"account_cia_5020312","OTROS GASTOS FINANCIEROS","5.02.03.12","account.data_account_type_expenses","l10n_ec.account_chart_template_cia","l10n_ec.account_group_50203","False"
"account_cia_5020401","PERDIDA EN INVERSIONES EN ASOCIADAS / SUBSIDIARIAS Y OTRAS","5.02.04.01","account.data_account_type_expenses","l10n_ec.account_chart_template_cia","l10n_ec.account_group_50204","False"
"account_cia_5020402","OTROS","5.02.04.02","account.data_account_type_expenses","l10n_ec.account_chart_template_cia","l10n_ec.account_group_50204","False"
